{"cameraMode":{"drawMode":0,"name":"Shaded","section":"Shading Mode"},"sceneLighting":false,"audioPlay":false,"sceneViewState":{"showFog":true,"showMaterialUpdate":false,"showSkybox":true,"showFlares":true,"showImageEffects":true,"showParticleSystems":true},"in2DMode":false,"pivot":{"x":-0.7100000381469727,"y":3.9800000190734865,"z":-15.050000190734864},"rotation":{"x":0.002433504443615675,"y":0.9959425330162048,"z":-0.08536092936992645,"w":0.02839207462966442},"size":7.957886219024658,"orthographic":false}