{"cameraMode":{"drawMode":0,"name":"Shaded","section":"Shading Mode"},"sceneLighting":false,"audioPlay":false,"sceneViewState":{"showFog":true,"showMaterialUpdate":false,"showSkybox":true,"showFlares":true,"showImageEffects":true,"showParticleSystems":true},"in2DMode":false,"pivot":{"x":-6.600000381469727,"y":1.0171067714691163,"z":0.0007326045306399465},"rotation":{"x":0.017795443534851075,"y":0.982200562953949,"z":-0.1337185800075531,"w":0.13070882856845857},"size":20.892728805541993,"orthographic":false}