{"cameraMode":{"drawMode":0,"name":"Shaded","section":"Shading Mode"},"sceneLighting":false,"audioPlay":false,"sceneViewState":{"showFog":true,"showMaterialUpdate":false,"showSkybox":true,"showFlares":true,"showImageEffects":true,"showParticleSystems":true},"in2DMode":false,"pivot":{"x":4.188828468322754,"y":1.6789913177490235,"z":-4.152132034301758},"rotation":{"x":0.0653344988822937,"y":0.8284921646118164,"z":-0.09889847785234451,"w":0.54731285572052},"size":15.352499008178711,"orthographic":false}