{"cameraMode":{"drawMode":0,"name":"Shaded","section":"Shading Mode"},"sceneLighting":false,"audioPlay":false,"sceneViewState":{"showFog":true,"showMaterialUpdate":false,"showSkybox":true,"showFlares":true,"showImageEffects":true,"showParticleSystems":true},"in2DMode":false,"pivot":{"x":-3.394929885864258,"y":0.4215404987335205,"z":-1.2975311279296876},"rotation":{"x":-0.03234933316707611,"y":0.7890749573707581,"z":-0.04170992597937584,"w":-0.6120249032974243},"size":13.622272491455079,"orthographic":false}